slug,title,category,primary_intent,priority,status,notes
/achievements/achievement-guide/,How to Fish Achievements Guide and Cleanup Plan,achievements,Understand the current Steam achievement list and plan an efficient cleanup order,P1,published,"Finish the story, use post-story travel for collection cleanup, then plan the challenges. Steam lists 28 achievements as of September 8, 2026. Handyman requires a bare-hands final-boss defeat. Older community guides report a fist killing blow after gun damage; whether that method works in 1.0.12 is unconfirmed. Practicing it separately from the one-hour Bean run is optional."
/achievements/achievement-not-unlocking/,How to Fish Achievement Not Unlocking,achievements,Troubleshoot a How to Fish Steam achievement that did not unlock,P2,published,"Update How to Fish to the current Steam version before repeating an achievement condition. Read its exact Steam wording and finish any required quest hand-in. For Handyman, record the final hit and check your own unlock; older reports disagree on whether the whole lobby receives it. Preserve the save before repeating a long run."
/achievements/hardest-achievements/,Hardest How to Fish Achievements: Cleanup Plan,achievements,Plan efficient attempts for the hardest and rarest How to Fish achievements,P1,published,Use a completed save for collection cleanup and prepare a focused route for Bean. Handyman requires defeating the final boss with bare hands. Older player guides report using guns to lower its health and fists for the killing blow; whether that method works in 1.0.12 is unconfirmed. Separate Handyman practice is optional if you want to learn the finish without Bean's one-hour deadline.
/achievements/story-achievements/,How to Fish Story Achievements in Quest Order,achievements,Unlock every achievement tied directly to the main story and island quests,P1,published,"The story-linked Steam goals follow the same island chain: Who stole my beer at the lighthouse, Dinnertime in the forest, Grillmaster and Vacation around the desert route, Terrorizing bird on the rocky island, Deadliest catch during the military or volcano sequence, and We are so back after the ending. Complete the NPC hand-in after each encounter. The final achievement requires returning the last drop, receiving the RHIB key, and starting that boat—not only killing the boss."
/bosses/boss-guide/,How to Fish Boss Guide and Fight Order,bosses,Identify the story boss order and choose the right detailed boss guide,P0,published,"The verified story order is Spider Crab, Giant Piranha, Pufferfish, the terrorizing bird encounter, and the mutated whale finale. Each fight begins through an island quest rather than a free-roaming spawn. Prepare before consuming the special bait, watch the boss escape or pressure pattern, and recover the distinctive drop. Killing a boss rarely completes progression on its own; the trophy normally has to return to the NPC who gave the request."
/bosses/giant-piranha/,How to Beat Giant Piranha in How to Fish,bosses,Defeat Giant Piranha and finish the forest island quest,P0,published,"Give three leeches to the forest lady for Giant Piranha bait, prepare a shotgun and healing, and keep a clear movement loop during the fight. Clear small piranhas when they block your escape, then return the boss drop to the lady. Piranha was rebalanced in 1.0.12; players report mixed results with circling and eating defeated small fish for health."
/bosses/mutated-bowhead-whale/,How to Beat the Mutated Bowhead Whale,bosses,Defeat the final mutated whale boss and trigger the ending,P0,published,"Prepare a rifle and healing for both whale fights. Complete the bait request, defeat the regular whale, and carry it into the volcano to trigger the mutated form. Keep moving through ground hazards and attack during openings. In 1.0.12, explosives should now damage the final boss even when landing on its tail. Return the final drop and start the RHIB to finish the story."
/bosses/pufferfish/,How to Beat Pufferfish in How to Fish,bosses,Defeat the Island 3 Pufferfish boss and continue progression,P0,published,"Give the desert tourist a catch marked as endangered to receive the Carrot boss bait. Unlock the grill first, carry cooked fish, and fight in the most open part of the island. When Pufferfish rolls, move sideways out of its line, then shoot during the gap before the next approach. As the fight advances, avoid the purple poison trail and widen your spacing as the target grows. Recover its unique drop and return it to the tourist."
/bosses/spider-crab/,How to Beat Spider Crab in How to Fish,bosses,Defeat Spider Crab and complete the lighthouse boss hand-in,P0,published,"Complete the lighthouse keeper’s beer interaction, equip the returned Empty Beer Can as bait, and summon Spider Crab only after sharpening an early melee weapon. Keep enough space to see its approach. Let it commit to a charge, sidestep rather than backing straight away, then strike during the short self-stun after it misses. Repeat without wandering too far, pick up the unique drop, and return it to the keeper for the boat key."
/bosses/terrorizing-bird/,How to Beat the Terrorizing Bird in How to Fish,bosses,Defeat the large bird story boss on Island 4 and unlock the volcano,P0,published,"Activate the rocky island’s bird quest, use the Professional Boss Lure to catch Tuna, defeat that mini-boss, and place the Tuna body on open ground. When the large bird arrives, move under a building roof, track its approach, and use an Uzi or another accurate ranged weapon after each pass or ranged attack. Avoid standing in the open or relying on a short-range shotgun. Recover the bird’s distinct head or trophy and return it for volcano coordinates."
/bosses/tuna/,How to Catch and Beat the Tuna Boss in How to Fish,bosses,Catch and defeat the Tuna mini-boss without losing the bird bait,P0,published,"To catch and beat the Tuna boss, activate the Island 4 bird request, equip the Professional Boss Lure, and cast. Dodge across its jumping line, attack after it lands, then keep the body for the bird encounter. Do not sell or cook it. Patch 1.0.12 slightly nerfed Tuna."
/fixes/camera-invert-controls/,How to Invert Camera Controls in How to Fish,fixes,Invert horizontal or vertical camera controls in How to Fish,P2,published,"Install the current update, then set X- and Y-axis camera inversion separately. Patch 1.0.11 also adds an option to use toggle for aiming, but that changes whether aim stays active after an input; it does not replace camera-axis inversion. Change one setting at a time, test in a safe area, and temporarily disable external remapping if the result is inconsistent."
/fixes/leeches-not-spawning/,Leeches Not Spawning in How to Fish,fixes,Troubleshoot missing leech pickups during the Island 2 quest,P0,published,"First confirm the forest lady’s request is active and that you are searching ground pickups, not fishing for leeches. Make one slow island sweep while watching the interaction prompt and the live three-leech counter. If the counter remains short after a complete sweep, leave the pickups untouched in future attempts, return to the main menu, reload the same session once, and check again. No reliable respawn interval or destructive save fix was verified for version 1.0.5."
/fixes/multiplayer-black-screen/,How to Fish Multiplayer Black Screen Fix,fixes,Fix or safely diagnose a black screen when joining How to Fish multiplayer,P2,published,"Install the current update on every player’s machine before using workarounds. Patch 1.0.4 addressed black and gray screens with qualified wording; Patch 1.0.11 separately says it hopefully fixed an inventory bug on join that made players invisible. Restart Steam, test one host and one joiner in a fresh private lobby, and record whether the symptom is a blank screen, an invisible player, or a red relay status instead of treating them as one bug."
/fixes/private-lobby-invites/,How to Host a Private Lobby in How to Fish,fixes,Create an invite-only How to Fish lobby and troubleshoot joining,P2,published,"Update to 1.0.5, choose the private or invite-only option while creating the session, then invite friends through the supported Steam flow. A private lobby cannot be browsed like a public one; joining depends on the invite. Patch 1.0.5 also allows changing session type in server settings while in-game, but the official note says that change requires a restart. If an invite appears ineffective, restart the session after changing type and test with one joiner first."
/fixes/problems-and-fixes/,How to Fish Problems and Fixes: Start Here,fixes,Find a safe first troubleshooting route for current How to Fish issues,P2,published,"Update to 1.0.12, the current release as of September 8. For an existing Steam Cloud save, play and exit on its original device, then wait for sync before switching. The patch fixes the FPS-cap override on joining and first-Radio stutter; its voice and item-speed changes are intended to reduce some bugs. Choose the matching symptom below and preserve your save. Cloud does not automatically repair corruption."
/fixes/save-file-corrupted-or-weapon-crash/,How to Fish Save Corrupted or Weapon Equip Crash,fixes,Safely diagnose a corrupted save or weapon equip crash in How to Fish,P0,published,"Stop repeating the crash and preserve your save. Patch 1.0.11 adds checks before loading and backups; 1.0.12 adds Steam Cloud, which does not automatically repair corruption. If a working save is missing on another device, play and exit once on the original device, then wait for sync. If the save crashes, record the loading stage or weapon involved before trying another change."
/fixes/steam-cloud-pc-steam-deck-sync/,How to Fish Steam Cloud: Sync PC and Steam Deck Saves,fixes,Move an existing How to Fish save between PC and Steam Deck through Steam Cloud,P0,published,"How to Fish added Steam Cloud in 1.0.12. On the device that already holds your working save, update the game, play once, and exit normally to trigger its first upload. Leave Steam online and wait for synchronization to finish before opening the game on your PC or Steam Deck. Stop if Steam reports a conflict or failed sync; do not overwrite the only copy. Cloud synchronization does not automatically repair a corrupted save."
/fixes/steam-relay-connection-failed/,How to Fish Steam Relay Connection Failed: Red Status,fixes,Diagnose a red Steam relay connection failure in How to Fish multiplayer,P1,published,"Patch 1.0.9 added a red Steam relay status to show that a relay connection failed and asked affected players to report it. The indicator is diagnostic; the patch note does not tell players to open ports, disable firewalls, or change router security. Update every player, compare solo with one fresh private lobby, record host and joiner roles plus the red status timing, then report the repeatable case through an official developer channel."
/guides/beginner-guide/,How to Fish Beginner Guide: Your First Island Route,guides,Start How to Fish and reach the first boss without losing progression items,P0,published,"Start at the lighthouse, talk to the keeper, use easy catches to build a small cash buffer, and buy only what advances the current job. Your first real gate is the beer-thief quest and Spider Crab. Prepare a sharpened melee weapon before using the Empty Beer Can bait, keep the dropped boss item, return it to the keeper, then take the boat keys and obtain the radar before sailing away."
/guides/difficulty-settings/,"How to Fish Difficulty Settings: Easy, Normal and Hard",guides,Understand the official How to Fish difficulty settings and choose a mode,P0,published,"Patch 1.0.9 added three modes. Easy gives creatures 25% less health and makes them deal 50% less damage. Normal keeps the balance from before the patch. Hard gives creatures 25% more health and makes them deal 25% more damage. The announcement does not say that difficulty changes quests, rewards, achievements, prices, saves, or co-op matching, so those effects should be treated as unknown rather than assumed."
/guides/unlock-next-island/,How to Get Boat Keys and Unlock Island 2 in How to Fish,guides,Get the lighthouse boat keys and unlock travel to the forest island,P0,published,"To get the boat keys, finish the lighthouse keeper’s beer request, use the Empty Beer Can to summon Spider Crab, collect the boss drop, and return it. Then take the radar and follow the awarded coordinates to the forest island. Patch 1.0.5 fixed unintended travel to locked islands, so do not rely on launch-day shortcut videos."
/guides/what-to-do-after-pufferfish/,What to Do After Pufferfish in How to Fish,guides,Continue progression immediately after defeating the Pufferfish boss,P0,published,"Pick up the distinct item Pufferfish leaves and take it back to the tourist on the desert island. Finish the conversation until the next coordinates are awarded; the boss kill alone does not update travel. Before leaving, restock cooked healing items, check the boat’s engine and radar setup, and keep one open inventory slot. Follow the new route to the rocky fourth island, speak to its shop or quest NPC, and prepare for a Tuna-to-bird encounter chain."
/islands/island-four-rocks/,How to Fish Island 4 Rocky Island Progression,islands,Complete the rocky island Tuna and terrorizing bird progression chain,P0,published,"Speak to the rocky island’s quest NPC about the large bird, then obtain the Professional Boss Lure and use it to catch Tuna. Defeat the Tuna as a mini-boss, keep the body, and place it on open ground as bait for the aerial encounter. Fight the terrorizing bird from building cover with a ranged weapon, collect the head or distinct trophy after the kill, and return it to the NPC to receive the volcano coordinates."
/islands/island-progression/,How to Fish Island Progression and Unlock Order,islands,Understand the island order and what unlocks every next destination,P0,published,"How to Fish currently progresses through five main locations: the lighthouse starting island, a forest island, a desert island, a rocky island, and the volcano. The game often labels progression by coordinates and quest rewards rather than giving every island a strong proper name. Use the active objective and radar route as your source of truth: every new destination follows a local quest, a boss or special creature, and a required return item."
/islands/island-three-desert/,How to Get to and Beat Island 3 in How to Fish,islands,"Reach the third island, beat its quest chain, and unlock Island 4",P0,published,"To get to the third island, finish the forest island’s Giant Piranha hand-in and follow the new coordinates to the desert. On Island 3, complete the grill-side request, then give the tourist a fish the game marks as endangered to receive the Carrot. Use that bait to summon and beat Pufferfish, preserve its distinct drop, and return it to the tourist to unlock Island 4."
/islands/island-two-leeches/,How to Find Three Leeches on Island 2,islands,Find the three leeches and start the Giant Piranha quest on Island 2,P0,published,"Speak to the lady by the lake on the forest island, then search the island floor for three leech pickups. They are collected from the ground, not caught with a fishing rod, and tall grass can make the small model harder to see than the pickup prompt. Give all three to the quest giver to receive the Giant Piranha bait. Equip that returned bait on your rod, summon the boss, and preserve its distinct drop for the return hand-in."
/islands/volcano-endgame/,How to Fish Volcano and Endgame Progression,islands,Complete the volcano route and finish the main story after the final boss,P0,published,"At the volcano, speak to the scientist in protective gear and give him five local catches using the Scientific Lure route. Take the resulting whale bait, stock a strong rifle and cooked healing items, then defeat the regular whale. Carry that whale up the intended plank path and throw it into the volcano to start the harder mutated whale fight. After the final kill, return its distinct drop to the scientist, take the RHIB key, and start the RHIB for the ending."
/items/early-upgrades/,Best Early Upgrades in How to Fish,items,Choose the most useful early weapon and boat upgrades without wasting money,P1,published,"Spend early money on one sharpened melee weapon, the story-required boat and radar path, and then a shotgun when the forest island makes firearms practical. Do not buy every lure, side weapon, or attachment as soon as it appears. The opening only needs enough damage for Spider Crab; Island 2 rewards a reliable gun that remains useful across several encounters. Upgrade for the next verified gate, keep a healing and bait budget, and delay optional collection tools until progression is secure."
/items/grilling-guide/,How to Unlock and Use the Grill in How to Fish,items,"Unlock the grill and cook fish for healing, value, and achievements",P1,published,"On the desert island, complete the creature request beside the grill and speak to that NPC to receive the lighter or start access. Place an ordinary catch on the grill and remove it at the cooked state. Prepare cooked fish for healing before a boss, and keep quest items off the grill. Patch 1.0.11 fixes Drip Parrotfish not being cooked."
/items/lures-and-bait/,How to Fish Lures and Quest Bait Explained,items,Understand which lures are bought and which boss bait comes from quests,P1,published,"Normal lure tiers catch the regular creatures available around an island. Purchasable boss lures are mainly for optional mini-bosses and collection or achievement work. Story bosses use special bait produced by local quests: the Empty Beer Can, converted leeches, Carrot, Tuna prepared through a Professional Boss Lure, and the scientist’s whale bait. Read the active objective before casting, equip the exact returned item on the rod, and prepare the fight before consuming any limited bait."
/items/money-fast/,How to Make Money Fast in How to Fish,items,"Earn money efficiently for weapons, boat upgrades, lures, and healing",P1,published,"The safe money loop is catch creatures you can kill consistently, add deliberate killscore bonuses, cook when the grill is available, and sell in regular batches. Patch 1.0.11 requires an item to have been held once before it can be sold, so pick up an unrecognized catch before treating the shop as broken. New islands raise combat risk, and gambling remains entertainment rather than dependable progression income."
/items/radar-guide/,How to Get and Use the Radar in How to Fish,items,Obtain the radar and use it to navigate to unlocked islands,P0,published,"Finish the lighthouse keeper's Spider Crab quest, secure boat access, and obtain the radar before sailing. It follows quest coordinates rather than unlocking islands itself. If you lost it on the forest island, check the ground against the shop post beneath the signs: players reported a replacement for sale there on August 24. Its availability in 1.0.12 is unconfirmed."
/items/weapon-progression/,How to Fish Weapon Progression by Island,items,Choose weapons that fit each island and boss stage,P1,published,"Use one sharpened melee weapon for the lighthouse and Spider Crab, then add a shotgun and later an accurate ranged option for the bird and volcano. Patch 1.0.11 removes Iron Sight as a purchase, prevents downgrading a Suppressor to a Compensator, and marks dropped weapons with orange dots. Upgrade a proven weapon before buying overlapping ones, and do not rely on an older shop guide for those two attachment actions."
/walkthrough/lighthouse-first-island/,How to Fish Lighthouse and First Island Walkthrough,walkthrough,Complete the lighthouse opening and leave the first island,P0,published,"At the lighthouse, speak to the keeper, use easy catches to fund a sharpened early melee weapon, and complete his beer request. Give him the beer so the Empty Beer Can becomes available as the Spider Crab trigger. Summon the crab only after preparing, dodge its charge, attack during the short recovery, then pick up its distinct remains and return them to the keeper. The reward is boat access; obtain the radar before navigating onward."
/walkthrough/story-walkthrough/,How to Fish Walkthrough: Main Story Route,walkthrough,Follow the main How to Fish quest chain in progression order,P0,published,"The main route is Lighthouse → forest island → desert island → rock island → volcano. Each stage follows the same dependency: accept the local request, obtain or prepare the special bait, defeat the required creature, preserve its trophy, and finish the NPC hand-in to receive the next coordinates or vehicle access. The ending continues after the final kill, so return the last drop to the scientist and use the resulting boat key."
